"partner_id","organization_name","email","status","no_of_messages"
"1001","Dynamic Technologies","usere50f8cc5@dynamictechnologies.com","active","4372"
"1001","Global Corporation","userd8012792@globalcorporation.com","active","8915"
"1001","Modern Services","user08354ccc@modernservices.com","active","972"
"1001","Advanced Technologies","usera23c2520@advancedtechnologies.com","active","8418"
"1001","Premier Corporation","user0f813e8a@premiercorporation.com","active","9874"
"1001","Dynamic Solutions","user55d92c13@dynamicsolutions.com","active","7964"
"1001","Premier Corporation","userd3450499@premiercorporation.com","active","7967"
"1001","Advanced Solutions","user77309708@advancedsolutions.com","active","9387"
"1001","Integrated Industries","user9342e6bb@integratedindustries.com","active","2817"
"1001","Dynamic Industries","useraba19496@dynamicindustries.com","active","757"
"1001","Global Technologies","user58bab848@globaltechnologies.com","active","1405"
"1001","Integrated Solutions","user747705a3@integratedsolutions.com","active","1773"
"1001","Integrated Corporation","userf1b9324d@integratedcorporation.com","active","8668"
"1001","Global Corporation","user4aff0254@globalcorporation.com","active","9687"
"1001","Integrated Industries","user36e98178@integratedindustries.com","active","2357"
"1001","Advanced Enterprises","user0e9bac6b@advancedenterprises.com","active","2947"
"1001","Global Technologies","userddfdee4f@globaltechnologies.com","active","3595"
"1001","Dynamic Technologies","user34b5ccf4@dynamictechnologies.com","active","1381"
"1001","Integrated Corporation","user2ad17563@integratedcorporation.com","active","8867"
"1001","Global Industries","user0e4e7e24@globalindustries.com","active","1983"
"1001","Modern Services","usere5baaae4@modernservices.com","active","4639"
"1001","Premier Corporation","user1eb2902e@premiercorporation.com","active","1540"
"1001","Dynamic Industries","userfac1506f@dynamicindustries.com","active","8950"
"1001","Dynamic Technologies","usere963d32c@dynamictechnologies.com","active","1096"
"1001","Global Solutions","user17ab6e9d@globalsolutions.com","active","761"
"1001","Integrated Services","user0fbf7e05@integratedservices.com","active","4398"
"1001","Premier Solutions","user5dadcf47@premiersolutions.com","active","8333"
"1001","Global Solutions","user17bab7ee@globalsolutions.com","active","2417"
"1001","Global Solutions","user6a5b7c36@globalsolutions.com","active","8297"
"1001","Integrated Industries","user0158b7a2@integratedindustries.com","active","6241"
"1001","Modern Technologies","user97ca8428@moderntechnologies.com","active","3196"
"1001","Integrated Services","userec4f533a@integratedservices.com","active","8998"
"1001","Premier Services","user14469a22@premierservices.com","active","7517"
"1001","Advanced Technologies","user30a51f22@advancedtechnologies.com","active","2654"
"1001","Dynamic Services","userbde8ae8c@dynamicservices.com","active","7962"
"1001","Dynamic Industries","userf3e4636b@dynamicindustries.com","active","1927"
"1001","Premier Services","user46b38914@premierservices.com","active","4814"
"1001","Advanced Technologies","user6889ef73@advancedtechnologies.com","active","4055"
"1001","Global Services","user3a3618c3@globalservices.com","active","2546"
"1001","Modern Solutions","user85b96c3e@modernsolutions.com","active","3814"
"1001","Global Industries","userf3f16ffe@globalindustries.com","active","8829"
"1001","Modern Enterprises","user4736d053@modernenterprises.com","active","4420"
"1001","Modern Technologies","user9c88d577@moderntechnologies.com","active","8671"
"1001","Premier Services","user8a4b10f6@premierservices.com","active","4761"
"1001","Dynamic Solutions","usere86ecd76@dynamicsolutions.com","active","2832"
"1001","Advanced Industries","usere1a7c234@advancedindustries.com","active","7663"
"1001","Dynamic Services","usereff5c3fa@dynamicservices.com","active","37"
"1001","Integrated Corporation","user89b393cb@integratedcorporation.com","active","5872"
"1002","Premier Industries","user5a3004e9@premierindustries.com","active","5788"
"1002","Global Enterprises","user9053bfc8@globalenterprises.com","active","4982"
"1002","Modern Services","user005831bd@modernservices.com","active","4680"
"1002","Premier Corporation","userd2dccbe7@premiercorporation.com","active","7815"
"1002","Advanced Services","usera51b87a5@advancedservices.com","active","3216"
"1002","Advanced Technologies","user22b7a77b@advancedtechnologies.com","active","8908"
"1002","Global Technologies","usercf092999@globaltechnologies.com","active","7655"
"1002","Global Technologies","user7d8b5dee@globaltechnologies.com","active","2661"
"1002","Integrated Corporation","user1c0edc51@integratedcorporation.com","active","8295"
"1002","Integrated Enterprises","user33adb11a@integratedenterprises.com","active","2853"
"1002","Advanced Industries","user51e1c4f2@advancedindustries.com","active","9714"
"1002","Dynamic Enterprises","user63fe6885@dynamicenterprises.com","active","2866"
"1002","Premier Industries","user0634e75e@premierindustries.com","active","114"
"1002","Integrated Corporation","user602902f5@integratedcorporation.com","active","6178"
"1002","Premier Technologies","usera34c2da6@premiertechnologies.com","active","3823"
"1002","Modern Services","usera443029e@modernservices.com","active","9411"
"1002","Advanced Solutions","user55526db3@advancedsolutions.com","active","1750"
"1002","Modern Services","user3445a8a2@modernservices.com","active","2809"
"1002","Advanced Enterprises","user0bfda756@advancedenterprises.com","active","3812"
"1002","Integrated Services","userf8f38b01@integratedservices.com","active","900"
"1002","Modern Technologies","user73e8043b@moderntechnologies.com","active","6138"
"1002","Advanced Technologies","useraf871809@advancedtechnologies.com","active","340"
"1002","Integrated Services","user6009d600@integratedservices.com","active","3284"
"1002","Dynamic Enterprises","user8c12031f@dynamicenterprises.com","active","9453"
"1002","Dynamic Enterprises","user38322954@dynamicenterprises.com","active","3962"
"1002","Premier Enterprises","userfba7cc6f@premierenterprises.com","active","240"
"1002","Modern Industries","userb0cf540d@modernindustries.com","active","9289"
"1002","Premier Services","user291989db@premierservices.com","active","1503"
"1002","Dynamic Services","usercff61b46@dynamicservices.com","active","1208"
"1002","Premier Enterprises","user5d4ab7a5@premierenterprises.com","active","5066"
"1002","Modern Services","user2d2d7aac@modernservices.com","active","3647"
"1002","Global Industries","usera350e10f@globalindustries.com","active","7580"
"1002","Advanced Services","usera6320b0b@advancedservices.com","active","2041"
"1002","Modern Services","user7af614ef@modernservices.com","active","8166"
"1002","Dynamic Solutions","usered9f18c5@dynamicsolutions.com","active","3622"
"1002","Modern Enterprises","user1b01c8d2@modernenterprises.com","active","9473"
"1002","Premier Industries","usere3efc62b@premierindustries.com","active","7878"
"1002","Modern Enterprises","user245cbe24@modernenterprises.com","active","7185"
"1002","Global Enterprises","user7b20e96d@globalenterprises.com","active","5618"
"1002","Integrated Industries","user9c436dcb@integratedindustries.com","active","9219"
"1002","Premier Industries","usera64d0dea@premierindustries.com","active","6212"
"1002","Dynamic Solutions","user24d542bd@dynamicsolutions.com","active","6311"
"1002","Premier Enterprises","userc295bdbf@premierenterprises.com","active","9743"
"1002","Integrated Enterprises","userb70529c1@integratedenterprises.com","active","7495"
"1002","Dynamic Industries","userde82f82e@dynamicindustries.com","active","4373"
"1002","Integrated Services","userd7a4964d@integratedservices.com","active","8910"
"1002","Dynamic Corporation","userd5ca6c86@dynamiccorporation.com","active","1318"
"1002","Modern Solutions","user4b2de79a@modernsolutions.com","active","4925"
"1002","Integrated Solutions","user620df3aa@integratedsolutions.com","active","8461"
"1002","Global Enterprises","user834178e4@globalenterprises.com","active","8347"
"1002","Global Industries","userb41f0aae@globalindustries.com","active","1661"
"1002","Premier Solutions","user926bb18e@premiersolutions.com","active","7933"
"1002","Integrated Enterprises","user8132c1cb@integratedenterprises.com","active","6159"
"1002","Modern Technologies","user8d370bfc@moderntechnologies.com","active","7322"
"1002","Integrated Enterprises","user1195fc69@integratedenterprises.com","active","5138"
"1002","Integrated Corporation","user4a54d3c1@integratedcorporation.com","active","8724"
"1002","Dynamic Enterprises","user30ff25d9@dynamicenterprises.com","active","7198"
"1002","Advanced Technologies","usereb4b14fa@advancedtechnologies.com","active","2977"
"1002","Global Industries","user40345770@globalindustries.com","active","4194"
"1002","Modern Services","userab3b015d@modernservices.com","active","9883"
"1002","Dynamic Corporation","user6034a86e@dynamiccorporation.com","active","9041"
"1002","Integrated Solutions","user622601ba@integratedsolutions.com","active","2819"
"1002","Modern Industries","user0efa63c0@modernindustries.com","active","6825"
"1002","Global Industries","user62fe74f8@globalindustries.com","active","2784"
"1002","Advanced Corporation","user0b593e51@advancedcorporation.com","active","3646"
"1002","Global Corporation","userdaaa5795@globalcorporation.com","active","588"
"1002","Dynamic Industries","user88009326@dynamicindustries.com","active","1404"
"1002","Dynamic Corporation","user53fc21b4@dynamiccorporation.com","active","9627"
"1002","Dynamic Industries","useracc28726@dynamicindustries.com","active","7842"
"1002","Integrated Industries","user20d1d098@integratedindustries.com","active","2968"
"1002","Premier Technologies","userf451766d@premiertechnologies.com","active","8814"
"1002","Dynamic Enterprises","user37434708@dynamicenterprises.com","active","712"
"1002","Dynamic Industries","user49535e4a@dynamicindustries.com","active","9524"
"1002","Premier Technologies","user289cd584@premiertechnologies.com","active","4425"
